Date,Category,Sales_Amount
2023-07-01,Vegetables,1130.88
2023-07-04,Baby Food,1116.62
2023-07-05,Office Supplies,1903.78
2023-07-06,Cosmetics,679.27
2023-07-08,Office Supplies,1778.61
2023-07-09,Baby Food,1066.26
2023-07-10,Vegetables,1267.8
2023-07-13,Office Supplies,1679.67
2023-07-14,Office Supplies,1522.91
2023-07-15,Household,710.41
2023-07-16,Office Supplies,1939.5
2023-07-18,Fruits,962.56
2023-07-21,Vegetables,1309.22
2023-07-22,Office Supplies,1501.17
2023-07-24,Baby Food,855.96
2023-07-29,Fruits,1320.71
2023-08-03,Office Supplies,1663.41
2023-08-04,Fruits,709.65
2023-08-05,Fruits,831.19
2023-08-06,Office Supplies,2064.84
2023-08-07,Cosmetics,545.56
2023-08-08,Cosmetics,1074.47
2023-08-09,Fruits,899.31
2023-08-10,Baby Food,770.81
2023-08-13,Cosmetics,648.24
2023-08-16,Vegetables,1207.87
2023-08-21,Vegetables,678.65
2023-08-23,Office Supplies,1985.12
2023-08-24,Household,1308.3
2023-08-25,Vegetables,1122.91
2023-08-28,Vegetables,821.85
2023-08-31,Office Supplies,1407.47
2023-09-03,Baby Food,755.38
2023-09-04,Fruits,1259.02
2023-09-08,Fruits,815.31
2023-09-10,Household,1104.22
2023-09-12,Office Supplies,2161.64
2023-09-13,Household,929.18
2023-09-14,Office Supplies,2003.78
2023-09-15,Vegetables,576.42
2023-09-17,Office Supplies,1812.29
2023-09-19,Office Supplies,1853.52
2023-09-20,Household,850.09
2023-09-22,Baby Food,1117.69
2023-09-23,Household,656.73
2023-09-26,Office Supplies,1669.65
2023-09-29,Household,1110.32
2023-10-01,Cosmetics,1425.62
2023-10-02,Office Supplies,1203.9
2023-10-04,Fruits,409.23
2023-10-05,Vegetables,1052.88
2023-10-09,Office Supplies,1596.15
2023-10-19,Cosmetics,1146.15
2023-10-25,Cosmetics,722.83
2023-10-30,Vegetables,1618.31
2023-11-01,Cosmetics,1307.52
2023-11-02,Household,1104.04
2023-11-08,Office Supplies,2142.9
2023-11-11,Cosmetics,1556.0
2023-11-13,Office Supplies,1869.95
2023-11-16,Fruits,956.2
2023-11-18,Office Supplies,1112.97
2023-11-20,Cosmetics,781.0
2023-11-23,Office Supplies,1416.39
2023-11-25,Office Supplies,2170.58
2023-11-27,Office Supplies,1656.01
2023-11-28,Fruits,669.64
2023-12-03,Fruits,1078.37
2023-12-04,Office Supplies,2040.09
2023-12-05,Household,784.96
2023-12-09,Office Supplies,1975.88
2023-12-10,Office Supplies,1782.95
2023-12-12,Office Supplies,2280.52
2023-12-15,Baby Food,722.05
2023-12-17,Office Supplies,1826.18
2023-12-18,Office Supplies,1700.65
2023-12-22,Office Supplies,1598.22
2023-12-23,Cosmetics,788.97
2023-12-24,Office Supplies,2037.26
2023-12-27,Cosmetics,1024.39
2023-12-28,Office Supplies,1706.88
2023-12-29,Cosmetics,857.68
2024-01-02,Office Supplies,1657.94
2024-01-05,Cosmetics,1143.23
2024-01-06,Baby Food,522.29
2024-01-08,Household,1162.87
2024-01-11,Household,1171.58
2024-01-12,Office Supplies,2039.74
2024-01-13,Office Supplies,1799.83
2024-01-15,Office Supplies,1410.89
2024-01-16,Office Supplies,2200.08
2024-01-20,Fruits,777.39
2024-01-29,Cosmetics,1077.88
2024-02-01,Vegetables,898.45
2024-02-05,Cosmetics,1209.88
2024-02-06,Office Supplies,1227.35
2024-02-08,Office Supplies,1969.98
2024-02-11,Office Supplies,1747.01
2024-02-12,Office Supplies,1712.36
2024-02-13,Office Supplies,1894.53
2024-02-14,Office Supplies,1671.64
2024-02-17,Office Supplies,2150.08
2024-02-21,Office Supplies,2006.98
2024-02-22,Vegetables,540.13
2024-02-23,Office Supplies,1852.48
2024-02-24,Office Supplies,1717.01
2024-02-26,Fruits,1162.79
2024-02-28,Office Supplies,1596.32
2024-03-02,Cosmetics,911.67
2024-03-08,Office Supplies,1839.85
2024-03-11,Household,1042.69
2024-03-13,Office Supplies,1772.84
2024-03-14,Baby Food,730.06
2024-03-16,Office Supplies,2003.0
2024-03-22,Office Supplies,1869.84
2024-03-23,Vegetables,1302.53
2024-03-28,Fruits,1234.16
2024-03-29,Office Supplies,1491.84
2024-03-30,Vegetables,856.06
2024-04-02,Office Supplies,1335.36
2024-04-03,Fruits,1383.0
2024-04-08,Household,1336.47
2024-04-11,Office Supplies,1978.5
2024-04-14,Office Supplies,1705.83
2024-04-15,Household,1174.77
2024-04-18,Office Supplies,1965.95
2024-04-19,Vegetables,1608.52
2024-04-20,Cosmetics,758.19
2024-04-21,Baby Food,997.54
2024-04-22,Office Supplies,1245.25
2024-04-27,Office Supplies,2224.6
2024-04-28,Cosmetics,1197.77
2024-05-01,Office Supplies,1545.45
2024-05-03,Baby Food,951.35
2024-05-04,Fruits,1199.3
2024-05-09,Baby Food,497.11
2024-05-10,Vegetables,936.47
2024-05-12,Office Supplies,1916.59
2024-05-16,Vegetables,832.85
2024-05-17,Office Supplies,1790.29
2024-05-22,Baby Food,968.05
2024-05-23,Vegetables,828.43
2024-05-24,Office Supplies,1985.68
2024-05-26,Baby Food,1069.12
2024-05-28,Office Supplies,1706.39
2024-05-30,Household,673.25
2024-05-31,Household,1164.46
2024-06-04,Fruits,1236.05
2024-06-06,Office Supplies,1493.13
2024-06-15,Vegetables,1145.25
2024-06-20,Office Supplies,1719.94
2024-06-26,Cosmetics,1398.67
2024-07-02,Office Supplies,1223.08
2024-07-03,Office Supplies,2212.38
2024-07-04,Fruits,1387.1
2024-07-07,Cosmetics,900.71
2024-07-11,Household,541.08
2024-07-20,Office Supplies,2245.1
2024-07-21,Office Supplies,1724.36
2024-07-24,Cosmetics,844.68
2024-07-25,Fruits,734.63
2024-07-26,Baby Food,808.97
2024-07-28,Office Supplies,1870.05
2024-07-30,Fruits,872.48
2024-08-01,Vegetables,1186.72
2024-08-02,Office Supplies,2153.47
2024-08-03,Fruits,923.86
2024-08-04,Office Supplies,1958.77
2024-08-06,Fruits,806.71
2024-08-12,Baby Food,565.88
2024-08-13,Office Supplies,1367.44
2024-08-14,Fruits,1088.99
2024-08-16,Office Supplies,1516.78
2024-08-17,Office Supplies,1942.59
2024-08-25,Office Supplies,2098.32
2024-08-26,Fruits,1618.43
2024-08-29,Office Supplies,2282.33
2024-08-31,Vegetables,1117.04
2024-09-01,Office Supplies,1975.03
2024-09-02,Household,796.75
2024-09-06,Household,898.85
2024-09-11,Baby Food,776.27
2024-09-14,Household,933.65
2024-09-17,Fruits,862.98
2024-09-18,Vegetables,571.18
2024-09-19,Household,766.07
2024-09-21,Household,1232.61
2024-09-22,Office Supplies,1963.97
2024-09-26,Cosmetics,748.77
2024-09-27,Cosmetics,456.72
2024-09-28,Baby Food,993.56
2024-09-29,Office Supplies,1228.9
2024-10-03,Vegetables,778.21
2024-10-04,Office Supplies,1500.06
2024-10-08,Household,1766.18
2024-10-10,Vegetables,845.29
2024-10-11,Office Supplies,1307.47
2024-10-16,Office Supplies,1966.22
2024-10-17,Cosmetics,1010.93
2024-10-18,Household,1218.91
2024-10-23,Cosmetics,1235.01
2024-10-24,Office Supplies,1781.16
2024-10-25,Office Supplies,1440.11
2024-10-27,Cosmetics,1281.55
2024-10-30,Household,692.01
2024-10-31,Vegetables,693.48
2024-11-05,Office Supplies,1968.11
2024-11-06,Office Supplies,2199.25
2024-11-07,Vegetables,1136.49
2024-11-09,Fruits,871.36
2024-11-10,Office Supplies,1335.1
2024-11-20,Household,386.68
2024-11-21,Cosmetics,874.74
2024-11-24,Office Supplies,1994.02
2024-11-29,Household,755.41
2024-11-30,Vegetables,678.56
2024-12-01,Office Supplies,2005.79
2024-12-02,Baby Food,1692.4
2024-12-04,Baby Food,1363.9
2024-12-05,Household,1055.12
2024-12-06,Cosmetics,543.88
2024-12-07,Office Supplies,1529.63
2024-12-08,Office Supplies,1844.68
2024-12-09,Vegetables,632.73
2024-12-13,Baby Food,975.09
2024-12-15,Baby Food,1303.34
2024-12-16,Fruits,898.98
2024-12-17,Office Supplies,1790.57
2024-12-19,Baby Food,1133.96
2024-12-24,Baby Food,1226.76
2024-12-27,Vegetables,596.84
2024-12-30,Household,1170.35
2024-12-31,Office Supplies,1471.39
